date,weekday,session,online_time,offline_time,online_time_tw,offline_time_tw,online_time_gmt,offline_time_gmt,duration_hours,temp_leave_minutes,source_file,notes
2023-09-07,Thursday,1,17:08,23:35,08:08,14:35,00:08,06:35,4.93,91.0,chat-history-20260323.txt,
2023-09-10,Sunday,1,16:53,22:04,07:53,13:04,23:53,05:04,5.18,0.0,chat-history-20260323.txt,
2023-09-11,Monday,1,18:54,22:14,09:54,13:14,01:54,05:14,3.33,0.0,chat-history-20260323.txt,
2023-09-12,Tuesday,1,07:26,19:26,22:26,10:26,14:26,02:26,3.35,519.0,chat-history-20260323.txt,
2023-09-13,Wednesday,1,17:07,20:18,08:07,11:18,00:07,03:18,3.18,0.0,chat-history-20260323.txt,
2023-09-14,Thursday,1,17:13,20:18,08:13,11:18,00:13,03:18,3.08,0.0,chat-history-20260323.txt,
2023-09-17,Sunday,1,17:04,20:48,08:04,11:48,00:04,03:48,3.73,0.0,chat-history-20260323.txt,
2023-09-18,Monday,1,17:01,19:46,08:01,10:46,00:01,02:46,2.75,0.0,chat-history-20260323.txt,
2023-09-19,Tuesday,1,17:08,20:29,08:08,11:29,00:08,03:29,3.35,0.0,chat-history-20260323.txt,
2023-09-20,Wednesday,1,17:02,18:36,08:02,09:36,00:02,01:36,1.57,0.0,chat-history-20260323.txt,
2023-09-21,Thursday,1,17:00,20:15,08:00,11:15,00:00,03:15,3.25,0.0,chat-history-20260323.txt,
2023-09-23,Saturday,1,22:03,23:49,13:03,14:49,05:03,06:49,1.77,0.0,chat-history-20260323.txt,
2023-09-24,Sunday,1,18:13,20:35,09:13,11:35,01:13,03:35,2.37,0.0,chat-history-20260323.txt,
2023-09-25,Monday,1,19:16,21:36,10:16,12:36,02:16,04:36,2.33,0.0,chat-history-20260323.txt,
2023-09-27,Wednesday,1,17:12,20:09,08:12,11:09,00:12,03:09,2.95,0.0,chat-history-20260323.txt,
2023-10-01,Sunday,1,17:24,21:45,08:24,12:45,00:24,04:45,3.7,39.0,chat-history-20260323.txt,
2023-10-02,Monday,1,19:12,22:54,10:12,13:54,02:12,05:54,3.7,0.0,chat-history-20260323.txt,
2023-10-03,Tuesday,1,01:17,23:30,16:17,14:30,08:17,06:30,7.58,878.0,chat-history-20260323.txt,
2023-10-04,Wednesday,1,04:46,21:06,19:46,12:06,11:46,04:06,6.3,602.0,chat-history-20260323.txt,
2023-10-05,Thursday,1,16:28,20:51,07:28,11:51,23:28,03:51,4.38,0.0,chat-history-20260323.txt,
2023-10-06,Friday,1,07:19,,22:19,,14:19,,,,chat-history-20260323.txt,
2023-10-10,Tuesday,1,06:12,21:03,21:12,12:03,13:12,04:03,5.85,540.0,chat-history-20260323.txt,
2023-10-11,Wednesday,1,17:29,22:24,08:29,13:24,00:29,05:24,4.92,0.0,chat-history-20260323.txt,
2023-10-12,Thursday,1,17:10,17:34,08:10,08:34,00:10,00:34,0.4,0.0,chat-history-20260323.txt,
2023-10-15,Sunday,1,07:09,21:37,22:09,12:37,14:09,04:37,4.18,617.0,chat-history-20260323.txt,
2023-10-16,Monday,1,01:04,18:49,16:04,09:49,08:04,01:49,1.77,959.0,chat-history-20260323.txt,
2023-10-17,Tuesday,1,00:00,23:25,15:00,14:25,07:00,06:25,5.23,1091.0,chat-history-20260323.txt,
2023-10-18,Wednesday,1,19:49,,10:49,,02:49,,,,chat-history-20260323.txt,
2023-10-19,Thursday,1,01:29,22:53,16:29,13:53,08:29,05:53,3.52,1073.0,chat-history-20260323.txt,
2023-10-22,Sunday,1,17:24,18:41,08:24,09:41,00:24,01:41,1.28,0.0,chat-history-20260323.txt,
2023-10-23,Monday,1,06:31,21:12,21:31,12:12,13:31,04:12,5.57,547.0,chat-history-20260323.txt,
2023-10-24,Tuesday,1,19:40,22:18,10:40,13:18,02:40,05:18,2.63,0.0,chat-history-20260323.txt,
2023-10-25,Wednesday,1,06:43,19:56,21:43,10:56,13:43,02:56,4.65,514.0,chat-history-20260323.txt,
2023-10-26,Thursday,1,19:06,21:51,10:06,12:51,02:06,04:51,2.75,0.0,chat-history-20260323.txt,
2023-10-27,Friday,1,05:35,06:26,20:35,21:26,12:35,13:26,0.85,0.0,chat-history-20260323.txt,
2023-10-29,Sunday,1,16:52,21:57,07:52,12:57,23:52,04:57,5.08,0.0,chat-history-20260323.txt,
2023-10-30,Monday,1,17:24,22:14,08:24,13:14,00:24,05:14,4.83,0.0,chat-history-20260323.txt,
2023-10-31,Tuesday,1,17:27,18:40,08:27,09:40,00:27,01:40,1.22,0.0,chat-history-20260323.txt,
2023-11-01,Wednesday,1,17:07,22:59,08:07,13:59,00:07,05:59,4.9,58.0,chat-history-20260323.txt,
2023-11-02,Thursday,1,17:21,20:52,08:21,11:52,00:21,03:52,3.52,0.0,chat-history-20260323.txt,
2023-11-05,Sunday,1,17:39,22:03,09:39,14:03,01:39,06:03,4.4,0.0,chat-history-20260323.txt,
2023-11-07,Tuesday,1,02:59,20:05,18:59,12:05,10:59,04:05,4.67,746.0,chat-history-20260323.txt,
2023-11-08,Wednesday,1,04:01,21:32,20:01,13:32,12:01,05:32,6.73,647.0,chat-history-20260323.txt,
2023-11-09,Thursday,1,16:27,22:29,08:27,14:29,00:27,06:29,4.13,114.0,chat-history-20260323.txt,
2023-11-12,Sunday,1,04:36,19:32,20:36,11:32,12:36,03:32,5.87,544.0,chat-history-20260323.txt,
2023-11-13,Monday,1,05:11,21:07,21:11,13:07,13:11,05:07,6.77,550.0,chat-history-20260323.txt,
2023-11-14,Tuesday,1,16:37,18:56,08:37,10:56,00:37,02:56,1.72,36.0,chat-history-20260323.txt,
2023-11-15,Wednesday,1,06:22,20:24,22:22,12:24,14:22,04:24,5.32,523.0,chat-history-20260323.txt,
2023-11-16,Thursday,1,05:35,08:26,21:35,00:26,13:35,16:26,2.85,0.0,chat-history-20260323.txt,
2023-11-17,Friday,1,,02:49,,,,10:49,,,chat-history-20260323.txt,
2023-11-19,Sunday,1,15:34,20:49,07:34,12:49,23:34,04:49,5.25,0.0,chat-history-20260323.txt,
2023-11-20,Monday,1,02:32,21:52,18:32,13:52,10:32,05:52,8.13,672.0,chat-history-20260323.txt,
2023-11-21,Tuesday,1,16:23,20:15,08:23,12:15,00:23,04:15,3.87,0.0,chat-history-20260323.txt,
2023-11-22,Wednesday,1,16:35,19:58,08:35,11:58,00:35,03:58,3.38,0.0,chat-history-20260323.txt,
2023-11-23,Thursday,1,16:18,21:15,08:18,13:15,00:18,05:15,4.95,0.0,chat-history-20260323.txt,
2023-11-26,Sunday,1,05:22,22:03,21:22,14:03,13:22,06:03,6.15,632.0,chat-history-20260323.txt,
2023-11-27,Monday,1,00:24,21:31,16:24,13:31,08:24,05:31,5.58,932.0,chat-history-20260323.txt,
2023-11-28,Tuesday,1,05:27,23:59,21:27,15:59,13:27,07:59,8.38,609.0,chat-history-20260323.txt,
2023-11-29,Wednesday,1,16:30,19:06,08:30,11:06,00:30,03:06,2.6,0.0,chat-history-20260323.txt,
2023-11-30,Thursday,1,16:06,20:12,08:06,12:12,00:06,04:12,4.1,0.0,chat-history-20260323.txt,
2023-12-02,Saturday,1,06:49,08:23,22:49,00:23,14:49,16:23,1.57,0.0,chat-history-20260323.txt,
2023-12-03,Sunday,1,16:12,19:02,08:12,11:02,00:12,03:02,2.83,0.0,chat-history-20260323.txt,
2023-12-04,Monday,1,00:00,22:33,16:00,14:33,08:00,06:33,2.93,1177.0,chat-history-20260323.txt,
2023-12-05,Tuesday,1,16:27,22:47,08:27,14:47,00:27,06:47,5.15,71.0,chat-history-20260323.txt,
2023-12-06,Wednesday,1,16:06,19:59,08:06,11:59,00:06,03:59,3.88,0.0,chat-history-20260323.txt,
2023-12-07,Thursday,1,16:30,22:01,08:30,14:01,00:30,06:01,3.02,150.0,chat-history-20260323.txt,
2023-12-10,Sunday,1,03:59,19:26,19:59,11:26,11:59,03:26,7.57,473.0,chat-history-20260323.txt,
2023-12-11,Monday,1,16:12,22:12,08:12,14:12,00:12,06:12,4.72,77.0,chat-history-20260323.txt,
2023-12-12,Tuesday,1,16:28,20:22,08:28,12:22,00:28,04:22,3.9,0.0,chat-history-20260323.txt,
2023-12-13,Wednesday,1,15:52,19:45,07:52,11:45,23:52,03:45,3.88,0.0,chat-history-20260323.txt,
2023-12-14,Thursday,1,15:45,17:39,07:45,09:39,23:45,01:39,1.9,0.0,chat-history-20260323.txt,
2023-12-17,Sunday,1,05:37,22:51,21:37,14:51,13:37,06:51,6.27,658.0,chat-history-20260323.txt,
2023-12-18,Monday,1,16:07,21:15,08:07,13:15,00:07,05:15,5.13,0.0,chat-history-20260323.txt,
2023-12-19,Tuesday,1,16:18,21:05,08:18,13:05,00:18,05:05,3.47,79.0,chat-history-20260323.txt,
2023-12-20,Wednesday,1,16:06,19:59,08:06,11:59,00:06,03:59,3.88,0.0,chat-history-20260323.txt,
2023-12-21,Thursday,1,16:07,22:09,08:07,14:09,00:07,06:09,4.87,70.0,chat-history-20260323.txt,
2023-12-24,Sunday,1,15:50,21:47,07:50,13:47,23:50,05:47,5.95,0.0,chat-history-20260323.txt,
2023-12-25,Monday,1,16:04,22:34,08:04,14:34,00:04,06:34,5.47,62.0,chat-history-20260323.txt,
2023-12-26,Tuesday,1,15:54,19:30,07:54,11:30,23:54,03:30,3.6,0.0,chat-history-20260323.txt,
2023-12-27,Wednesday,1,15:52,22:17,07:52,14:17,23:52,06:17,5.17,75.0,chat-history-20260323.txt,
2023-12-28,Thursday,1,15:52,17:25,07:52,09:25,23:52,01:25,1.55,0.0,chat-history-20260323.txt,
2023-12-31,Sunday,1,07:43,22:26,23:43,14:26,15:43,06:26,4.68,602.0,chat-history-20260323.txt,
2024-01-01,Monday,1,15:49,19:42,07:49,11:42,23:49,03:42,3.88,0.0,chat-history-20260323.txt,
2024-01-02,Tuesday,1,15:54,22:32,07:54,14:32,23:54,06:32,6.63,0.0,chat-history-20260323.txt,
2024-01-03,Wednesday,1,07:02,15:06,23:02,07:06,15:02,23:06,8.07,0.0,chat-history-20260323.txt,
2024-01-04,Thursday,1,15:56,19:34,07:56,11:34,23:56,03:34,3.63,0.0,chat-history-20260323.txt,
2024-01-07,Sunday,1,05:28,21:32,21:28,13:32,13:28,05:32,6.28,587.0,chat-history-20260323.txt,
2024-01-08,Monday,1,16:15,20:08,08:15,12:08,00:15,04:08,3.88,0.0,chat-history-20260323.txt,
2024-01-09,Tuesday,1,01:57,20:24,17:57,12:24,09:57,04:24,5.53,775.0,chat-history-20260323.txt,
2024-01-10,Wednesday,1,16:16,17:20,08:16,09:20,00:16,01:20,1.07,0.0,chat-history-20260323.txt,
2024-01-11,Thursday,1,16:15,22:40,08:15,14:40,00:15,06:40,5.27,69.0,chat-history-20260323.txt,
2024-01-14,Sunday,1,05:50,20:44,21:50,12:44,13:50,04:44,5.67,554.0,chat-history-20260323.txt,
2024-01-15,Monday,1,15:54,22:16,07:54,14:16,23:54,06:16,5.62,45.0,chat-history-20260323.txt,
2024-01-16,Tuesday,1,15:56,23:28,07:56,15:28,23:56,07:28,5.92,97.0,chat-history-20260323.txt,
2024-01-17,Wednesday,1,16:29,21:48,08:29,13:48,00:29,05:48,3.5,109.0,chat-history-20260323.txt,
2024-01-18,Thursday,1,16:31,21:23,08:31,13:23,00:31,05:23,4.87,0.0,chat-history-20260323.txt,
2024-01-21,Sunday,1,06:44,08:48,22:44,00:48,14:44,16:48,2.07,0.0,chat-history-20260323.txt,
2024-01-23,Tuesday,1,16:53,22:43,08:53,14:43,00:53,06:43,5.83,0.0,chat-history-20260323.txt,
2024-01-24,Wednesday,1,16:23,21:36,08:23,13:36,00:23,05:36,5.22,0.0,chat-history-20260323.txt,
2024-01-25,Thursday,1,15:33,20:00,07:33,12:00,23:33,04:00,4.45,0.0,chat-history-20260323.txt,
2024-01-28,Sunday,1,16:19,23:14,08:19,15:14,00:19,07:14,6.92,0.0,chat-history-20260323.txt,
2024-01-29,Monday,1,16:10,21:56,08:10,13:56,00:10,05:56,5.77,0.0,chat-history-20260323.txt,
2024-01-30,Tuesday,1,16:59,21:56,08:59,13:56,00:59,05:56,4.95,0.0,chat-history-20260323.txt,
2024-01-31,Wednesday,1,13:12,21:51,05:12,13:51,21:12,05:51,4.42,254.0,chat-history-20260323.txt,
2024-02-01,Thursday,1,16:31,21:44,08:31,13:44,00:31,05:44,5.22,0.0,chat-history-20260323.txt,
2024-02-03,Saturday,1,11:53,21:41,03:53,13:41,19:53,05:41,2.2,456.0,chat-history-20260323.txt,
2024-02-04,Sunday,1,08:02,22:29,00:02,14:29,16:02,06:29,13.18,76.0,chat-history-20260323.txt,
2024-02-05,Monday,1,15:59,21:13,07:59,13:13,23:59,05:13,5.23,0.0,chat-history-20260323.txt,
2024-02-06,Tuesday,1,16:21,20:55,08:21,12:55,00:21,04:55,4.53,2.0,chat-history-20260323.txt,
2024-02-07,Wednesday,1,16:40,19:29,08:40,11:29,00:40,03:29,1.52,78.0,chat-history-20260323.txt,
2024-02-14,Wednesday,1,16:34,21:56,08:34,13:56,00:34,05:56,5.37,0.0,chat-history-20260323.txt,
2024-02-15,Thursday,1,15:57,22:34,07:57,14:34,23:57,06:34,4.78,110.0,chat-history-20260323.txt,
2024-02-18,Sunday,1,16:40,,08:40,,00:40,,,,chat-history-20260323.txt,
2024-02-19,Monday,1,16:00,21:43,08:00,13:43,00:00,05:43,4.6,67.0,chat-history-20260323.txt,
2024-02-20,Tuesday,1,16:00,21:53,08:00,13:53,00:00,05:53,5.33,33.0,chat-history-20260323.txt,
2024-02-21,Wednesday,1,15:57,21:28,07:57,13:28,23:57,05:28,5.38,8.0,chat-history-20260323.txt,
2024-02-22,Thursday,1,15:56,20:06,07:56,12:06,23:56,04:06,4.17,0.0,chat-history-20260323.txt,
2024-02-23,Friday,1,05:06,05:19,21:06,21:19,13:06,13:19,0.22,0.0,chat-history-20260323.txt,
2024-02-25,Sunday,1,05:01,20:35,21:01,12:35,13:01,04:35,5.95,577.0,chat-history-20260323.txt,
2024-02-26,Monday,1,16:05,20:54,08:05,12:54,00:05,04:54,4.82,0.0,chat-history-20260323.txt,
2024-02-28,Wednesday,1,16:08,20:57,08:08,12:57,00:08,04:57,3.68,68.0,chat-history-20260323.txt,
2024-02-29,Thursday,1,15:49,20:15,07:49,12:15,23:49,04:15,3.63,48.0,chat-history-20260323.txt,
2024-03-03,Sunday,1,06:43,20:54,22:43,12:54,14:43,04:54,5.85,500.0,chat-history-20260323.txt,
2024-03-04,Monday,1,16:00,17:52,08:00,09:52,00:00,01:52,1.87,0.0,chat-history-20260323.txt,
2024-03-05,Tuesday,1,16:01,20:03,08:01,12:03,00:01,04:03,3.27,46.0,chat-history-20260323.txt,
2024-03-06,Wednesday,1,01:33,21:58,17:33,13:58,09:33,05:58,5.0,925.0,chat-history-20260323.txt,
2024-03-07,Thursday,1,16:11,22:23,08:11,14:23,00:11,06:23,6.2,0.0,chat-history-20260323.txt,
2024-03-09,Saturday,1,06:53,21:44,22:53,13:44,14:53,05:44,5.85,540.0,chat-history-20260323.txt,
2024-03-11,Monday,1,17:12,20:37,08:12,11:37,00:12,03:37,3.42,0.0,chat-history-20260323.txt,
2024-03-12,Tuesday,1,17:06,20:45,08:06,11:45,00:06,03:45,3.65,0.0,chat-history-20260323.txt,
2024-03-13,Wednesday,1,17:12,21:59,08:12,12:59,00:12,04:59,4.78,0.0,chat-history-20260323.txt,
2024-03-14,Thursday,1,16:54,21:21,07:54,12:21,23:54,04:21,4.45,0.0,chat-history-20260323.txt,
2024-03-17,Sunday,1,05:55,19:59,20:55,10:59,12:55,02:59,6.95,427.0,chat-history-20260323.txt,
2024-03-18,Monday,1,00:04,23:12,15:04,14:12,07:04,06:12,3.85,1157.0,chat-history-20260323.txt,
2024-03-19,Tuesday,1,17:02,20:49,08:02,11:49,00:02,03:49,3.22,34.0,chat-history-20260323.txt,
2024-03-20,Wednesday,1,16:54,21:03,07:54,12:03,23:54,04:03,4.15,0.0,chat-history-20260323.txt,
2024-03-21,Thursday,1,16:43,21:50,07:43,12:50,23:43,04:50,5.12,0.0,chat-history-20260323.txt,
2024-03-24,Sunday,1,05:29,22:44,20:29,13:44,12:29,05:44,6.53,643.0,chat-history-20260323.txt,
2024-03-25,Monday,1,16:48,21:40,07:48,12:40,23:48,04:40,4.87,0.0,chat-history-20260323.txt,
2024-03-27,Wednesday,1,16:38,21:42,07:38,12:42,23:38,04:42,5.02,3.0,chat-history-20260323.txt,
2024-03-28,Thursday,1,23:40,,14:40,,06:40,,,,chat-history-20260323.txt,
2024-03-31,Sunday,1,06:38,23:03,21:38,14:03,13:38,06:03,6.45,598.0,chat-history-20260323.txt,
2024-04-01,Monday,1,17:05,21:30,08:05,12:30,00:05,04:30,4.42,0.0,chat-history-20260323.txt,
2024-04-02,Tuesday,1,21:31,,12:31,,04:31,,,,chat-history-20260323.txt,
2024-04-07,Sunday,1,05:49,21:54,20:49,12:54,12:49,04:54,6.18,594.0,chat-history-20260323.txt,
2024-04-08,Monday,1,17:06,22:44,08:06,13:44,00:06,05:44,4.4,74.0,chat-history-20260323.txt,
2024-04-09,Tuesday,1,00:53,21:00,15:53,12:00,07:53,04:00,7.13,779.0,chat-history-20260323.txt,
2024-04-10,Wednesday,1,17:08,21:33,08:08,12:33,00:08,04:33,3.22,72.0,chat-history-20260323.txt,
2024-04-11,Thursday,1,17:10,23:26,08:10,14:26,00:10,06:26,6.27,0.0,chat-history-20260323.txt,
2024-04-12,Friday,1,06:34,06:43,21:34,21:43,13:34,13:43,0.15,0.0,chat-history-20260323.txt,
2024-04-14,Sunday,1,05:16,23:28,20:16,14:28,12:16,06:28,6.63,694.0,chat-history-20260323.txt,
2024-04-15,Monday,1,17:15,21:53,08:15,12:53,00:15,04:53,4.63,0.0,chat-history-20260323.txt,
2024-04-16,Tuesday,1,17:21,21:24,08:21,12:24,00:21,04:24,4.05,0.0,chat-history-20260323.txt,
2024-04-17,Wednesday,1,17:01,21:55,08:01,12:55,00:01,04:55,4.9,0.0,chat-history-20260323.txt,
2024-04-18,Thursday,1,17:06,22:56,08:06,13:56,00:06,05:56,5.83,0.0,chat-history-20260323.txt,
2024-04-20,Saturday,1,07:11,08:27,22:11,23:27,14:11,15:27,1.27,0.0,chat-history-20260323.txt,
2024-04-21,Sunday,1,17:20,23:32,08:20,14:32,00:20,06:32,6.2,0.0,chat-history-20260323.txt,
2024-04-22,Monday,1,17:14,21:44,08:14,12:44,00:14,04:44,4.5,0.0,chat-history-20260323.txt,
2024-04-23,Tuesday,1,17:02,23:04,08:02,14:04,00:02,06:04,5.0,62.0,chat-history-20260323.txt,
2024-04-24,Wednesday,1,17:11,22:15,08:11,13:15,00:11,05:15,5.07,0.0,chat-history-20260323.txt,
2024-04-25,Thursday,1,17:16,21:33,08:16,12:33,00:16,04:33,4.28,0.0,chat-history-20260323.txt,
2024-04-27,Saturday,1,20:50,22:48,11:50,13:48,03:50,05:48,1.97,0.0,chat-history-20260323.txt,
2024-04-28,Sunday,1,07:19,08:53,22:19,23:53,14:19,15:53,0.25,79.0,chat-history-20260323.txt,
2024-04-29,Monday,1,17:30,23:07,08:30,14:07,00:30,06:07,5.62,0.0,chat-history-20260323.txt,
2024-04-30,Tuesday,1,17:32,21:50,08:32,12:50,00:32,04:50,4.3,0.0,chat-history-20260323.txt,
2024-05-01,Wednesday,1,00:14,23:44,15:14,14:44,07:14,06:44,6.3,1032.0,chat-history-20260323.txt,
2024-05-02,Thursday,1,17:28,23:58,08:28,14:58,00:28,06:58,4.27,134.0,chat-history-20260323.txt,
2024-05-03,Friday,1,00:22,00:44,15:22,15:44,07:22,07:44,0.37,0.0,chat-history-20260323.txt,
2024-05-05,Sunday,1,17:09,23:10,08:09,14:10,00:09,06:10,6.02,0.0,chat-history-20260323.txt,
2024-05-06,Monday,1,17:15,22:23,08:15,13:23,00:15,05:23,3.75,83.0,chat-history-20260323.txt,
2024-05-07,Tuesday,1,17:10,22:06,08:10,13:06,00:10,05:06,4.93,0.0,chat-history-20260323.txt,
2024-05-08,Wednesday,1,17:18,23:39,08:18,14:39,00:18,06:39,5.08,76.0,chat-history-20260323.txt,
2024-05-09,Thursday,1,00:14,19:11,15:14,10:11,07:14,02:11,5.95,780.0,chat-history-20260323.txt,
2024-05-10,Friday,1,00:03,02:38,15:03,17:38,07:03,09:38,1.73,51.0,chat-history-20260323.txt,
2024-05-12,Sunday,1,02:47,21:04,17:47,12:04,09:47,04:04,6.78,690.0,chat-history-20260323.txt,
2024-05-13,Monday,1,01:13,23:49,16:13,14:49,08:13,06:49,6.0,996.0,chat-history-20260323.txt,
2024-05-14,Tuesday,1,03:40,22:53,18:40,13:53,10:40,05:53,6.13,785.0,chat-history-20260323.txt,
2024-05-15,Wednesday,1,17:52,23:07,08:52,14:07,00:52,06:07,4.3,57.0,chat-history-20260323.txt,
2024-05-16,Thursday,1,17:19,22:13,08:19,13:13,00:19,05:13,4.9,0.0,chat-history-20260323.txt,
2024-05-18,Saturday,1,20:00,21:52,11:00,12:52,03:00,04:52,1.87,0.0,chat-history-20260323.txt,
2024-05-19,Sunday,1,17:15,,08:15,,00:15,,,,chat-history-20260323.txt,
2024-05-20,Monday,1,17:21,20:10,08:21,11:10,00:21,03:10,2.82,0.0,chat-history-20260323.txt,
2024-05-21,Tuesday,1,00:01,23:59,15:01,14:59,07:01,06:59,5.13,1130.0,chat-history-20260323.txt,
2024-05-22,Wednesday,1,17:05,21:53,08:05,12:53,00:05,04:53,4.8,0.0,chat-history-20260323.txt,
2024-05-23,Thursday,1,17:14,21:10,08:14,12:10,00:14,04:10,3.93,0.0,chat-history-20260323.txt,
2024-05-25,Saturday,1,06:44,07:35,21:44,22:35,13:44,14:35,0.85,0.0,chat-history-20260323.txt,
2024-05-26,Sunday,1,01:35,23:12,16:35,14:12,08:35,06:12,9.3,739.0,chat-history-20260323.txt,
2024-05-27,Monday,1,17:31,23:00,08:31,14:00,00:31,06:00,4.53,57.0,chat-history-20260323.txt,
2024-05-28,Tuesday,1,17:32,20:31,08:32,11:31,00:32,03:31,2.98,0.0,chat-history-20260323.txt,
2024-05-29,Wednesday,1,17:12,21:27,08:12,12:27,00:12,04:27,4.25,0.0,chat-history-20260323.txt,
2024-05-30,Thursday,1,17:48,18:12,08:48,09:12,00:48,01:12,0.4,0.0,chat-history-20260323.txt,
2024-06-02,Sunday,1,04:10,07:50,19:10,22:50,11:10,14:50,3.67,0.0,chat-history-20260323.txt,
2024-06-03,Monday,1,02:59,22:50,17:59,13:50,09:59,05:50,5.22,878.0,chat-history-20260323.txt,
2024-06-04,Tuesday,1,17:16,22:43,08:16,13:43,00:16,05:43,4.3,69.0,chat-history-20260323.txt,
2024-06-05,Wednesday,1,17:15,21:37,08:15,12:37,00:15,04:37,4.37,0.0,chat-history-20260323.txt,
2024-06-06,Thursday,1,18:05,23:14,09:05,14:14,01:05,06:14,3.47,101.0,chat-history-20260323.txt,
2024-06-10,Monday,1,04:58,22:53,19:58,13:53,11:58,05:53,8.0,595.0,chat-history-20260323.txt,
2024-06-11,Tuesday,1,16:56,21:18,07:56,12:18,23:56,04:18,3.43,56.0,chat-history-20260323.txt,
2024-06-12,Wednesday,1,17:15,22:15,08:15,13:15,00:15,05:15,5.0,0.0,chat-history-20260323.txt,
2024-06-13,Thursday,1,17:19,20:57,08:19,11:57,00:19,03:57,3.63,0.0,chat-history-20260323.txt,
2024-06-14,Friday,1,,,,,,,,,chat-history-20260323.txt,
2024-06-16,Sunday,1,05:58,22:14,20:58,13:14,12:58,05:14,5.72,633.0,chat-history-20260323.txt,
2024-06-17,Monday,1,19:04,22:37,10:04,13:37,02:04,05:37,3.55,0.0,chat-history-20260323.txt,
2024-06-18,Tuesday,1,17:40,20:25,08:40,11:25,00:40,03:25,2.75,0.0,chat-history-20260323.txt,
2024-06-19,Wednesday,1,17:27,21:52,08:27,12:52,00:27,04:52,4.42,0.0,chat-history-20260323.txt,
2024-06-20,Thursday,1,17:49,23:06,08:49,14:06,00:49,06:06,2.95,140.0,chat-history-20260323.txt,
2024-06-21,Friday,1,01:03,09:50,16:03,00:50,08:03,16:50,1.37,445.0,chat-history-20260323.txt,
2024-06-23,Sunday,1,06:06,22:38,21:06,13:38,13:06,05:38,6.47,604.0,chat-history-20260323.txt,
2024-06-24,Monday,1,17:18,22:25,08:18,13:25,00:18,05:25,4.15,58.0,chat-history-20260323.txt,
2024-06-25,Tuesday,1,17:25,22:00,08:25,13:00,00:25,05:00,4.58,0.0,chat-history-20260323.txt,
2024-06-26,Wednesday,1,10:30,22:27,01:30,13:27,17:30,05:27,10.17,107.0,chat-history-20260323.txt,
2024-06-27,Thursday,1,17:03,21:25,08:03,12:25,00:03,04:25,4.37,0.0,chat-history-20260323.txt,
2024-06-30,Sunday,1,07:44,09:11,22:44,00:11,14:44,16:11,1.45,0.0,chat-history-20260323.txt,
2024-07-01,Monday,1,17:39,22:18,08:39,13:18,00:39,05:18,4.65,0.0,chat-history-20260323.txt,
2024-07-02,Tuesday,1,17:18,23:00,08:18,14:00,00:18,06:00,5.68,1.0,chat-history-20260323.txt,
2024-07-03,Wednesday,1,17:08,20:59,08:08,11:59,00:08,03:59,2.95,54.0,chat-history-20260323.txt,
2024-07-04,Thursday,1,17:26,23:04,08:26,14:04,00:26,06:04,4.93,42.0,chat-history-20260323.txt,
2024-07-07,Sunday,1,07:19,22:02,22:19,13:02,14:19,05:02,4.78,596.0,chat-history-20260323.txt,
2024-07-08,Monday,1,17:43,23:00,08:43,14:00,00:43,06:00,5.28,0.0,chat-history-20260323.txt,
2024-07-09,Tuesday,1,06:59,10:20,21:59,01:20,13:59,17:20,3.35,0.0,chat-history-20260323.txt,
2024-07-10,Wednesday,1,16:42,20:33,07:42,11:33,23:42,03:33,3.85,0.0,chat-history-20260323.txt,
2024-07-11,Thursday,1,16:58,22:08,07:58,13:08,23:58,05:08,5.17,0.0,chat-history-20260323.txt,
2024-07-14,Sunday,1,18:35,23:51,09:35,14:51,01:35,06:51,4.3,58.0,chat-history-20260323.txt,
2024-07-15,Monday,1,17:34,22:10,08:34,13:10,00:34,05:10,4.6,0.0,chat-history-20260323.txt,
2024-07-16,Tuesday,1,16:51,21:28,07:51,12:28,23:51,04:28,4.62,0.0,chat-history-20260323.txt,
2024-07-17,Wednesday,1,17:38,22:06,08:38,13:06,00:38,05:06,4.47,0.0,chat-history-20260323.txt,
2024-07-18,Thursday,1,16:53,22:12,07:53,13:12,23:53,05:12,5.32,0.0,chat-history-20260323.txt,
2024-07-20,Saturday,1,07:31,,,,14:31,,,,chat-history-20260323.txt,
2024-07-21,Sunday,1,17:05,22:36,08:05,13:36,00:05,05:36,5.52,0.0,chat-history-20260323.txt,
2024-07-22,Monday,1,16:25,21:36,07:25,12:36,23:25,04:36,5.18,0.0,chat-history-20260323.txt,
2024-07-23,Tuesday,1,17:56,21:33,08:56,12:33,00:56,04:33,3.62,0.0,chat-history-20260323.txt,
2024-07-26,Friday,1,21:23,22:30,12:23,13:30,04:23,05:30,1.12,0.0,chat-history-20260323.txt,
2024-07-27,Saturday,1,20:43,21:26,11:43,12:26,03:43,04:26,0.72,0.0,chat-history-20260323.txt,
2024-07-28,Sunday,1,17:48,22:16,08:48,13:16,00:48,05:16,4.47,0.0,chat-history-20260323.txt,
2024-07-29,Monday,1,13:22,21:41,04:22,12:41,20:22,04:41,2.78,332.0,chat-history-20260323.txt,
2024-07-30,Tuesday,1,17:01,21:11,08:01,12:11,00:01,04:11,4.17,0.0,chat-history-20260323.txt,
2024-07-31,Wednesday,1,17:10,20:43,08:10,11:43,00:10,03:43,3.55,0.0,chat-history-20260323.txt,
2024-08-01,Thursday,1,17:02,21:26,08:02,12:26,00:02,04:26,4.4,0.0,chat-history-20260323.txt,
2024-08-04,Sunday,1,09:12,22:29,00:12,13:29,16:12,05:29,1.72,694.0,chat-history-20260323.txt,
2024-08-05,Monday,1,17:19,23:03,08:19,14:03,00:19,06:03,5.73,0.0,chat-history-20260323.txt,
2024-08-06,Tuesday,1,17:02,21:41,08:02,12:41,00:02,04:41,4.65,0.0,chat-history-20260323.txt,
2024-08-07,Wednesday,1,16:46,21:44,07:46,12:44,23:46,04:44,4.97,0.0,chat-history-20260323.txt,
2024-08-08,Thursday,1,17:01,23:24,08:01,14:24,00:01,06:24,6.38,0.0,chat-history-20260323.txt,
2024-08-11,Sunday,1,16:04,23:30,07:04,14:30,23:04,06:30,7.43,0.0,chat-history-20260323.txt,
2024-08-12,Monday,1,17:24,21:45,08:24,12:45,00:24,04:45,4.35,0.0,chat-history-20260323.txt,
2024-08-13,Tuesday,1,17:04,23:45,08:04,14:45,00:04,06:45,6.68,0.0,chat-history-20260323.txt,
2024-08-14,Wednesday,1,17:18,23:48,08:18,14:48,00:18,06:48,6.5,0.0,chat-history-20260323.txt,
2024-08-15,Thursday,1,09:22,23:14,00:22,14:14,16:22,06:14,13.87,0.0,chat-history-20260323.txt,
2024-08-18,Sunday,1,09:06,23:14,00:06,14:14,16:06,06:14,8.03,366.0,chat-history-20260323.txt,
2024-08-19,Monday,1,17:19,22:43,08:19,13:43,00:19,05:43,5.4,0.0,chat-history-20260323.txt,
2024-08-20,Tuesday,1,17:00,21:36,08:00,12:36,00:00,04:36,4.6,0.0,chat-history-20260323.txt,
2024-08-21,Wednesday,1,17:02,22:12,08:02,13:12,00:02,05:12,5.17,0.0,chat-history-20260323.txt,
2024-08-22,Thursday,1,16:59,23:06,07:59,14:06,23:59,06:06,6.12,0.0,chat-history-20260323.txt,
2024-08-24,Saturday,1,19:38,20:27,10:38,11:27,02:38,03:27,0.82,0.0,chat-history-20260323.txt,
2024-08-25,Sunday,1,16:45,22:02,07:45,13:02,23:45,05:02,5.28,0.0,chat-history-20260323.txt,
2024-08-26,Monday,1,17:31,20:46,08:31,11:46,00:31,03:46,3.25,0.0,chat-history-20260323.txt,
2024-08-27,Tuesday,1,00:10,19:54,15:10,10:54,07:10,02:54,6.62,787.0,chat-history-20260323.txt,
2024-08-28,Wednesday,1,00:12,22:31,15:12,13:31,07:12,05:31,5.45,1012.0,chat-history-20260323.txt,
2024-08-29,Thursday,1,17:49,23:19,08:49,14:19,00:49,06:19,5.5,0.0,chat-history-20260323.txt,
2024-08-30,Friday,1,19:30,,10:30,,02:30,,,,chat-history-20260323.txt,
2024-08-31,Saturday,1,21:13,22:44,12:13,13:44,04:13,05:44,1.52,0.0,chat-history-20260323.txt,
2024-09-01,Sunday,1,08:05,09:21,23:05,00:21,15:05,16:21,1.27,0.0,chat-history-20260323.txt,
2024-09-02,Monday,1,06:49,21:23,21:49,12:23,13:49,04:23,5.88,521.0,chat-history-20260323.txt,
2024-09-03,Tuesday,1,17:06,21:53,08:06,12:53,00:06,04:53,4.78,0.0,chat-history-20260323.txt,
2024-09-04,Wednesday,1,17:06,20:17,08:06,11:17,00:06,03:17,3.18,0.0,chat-history-20260323.txt,
2024-09-05,Thursday,1,17:06,20:40,08:06,11:40,00:06,03:40,3.57,0.0,chat-history-20260323.txt,
2024-09-06,Friday,1,,,,,,,,,chat-history-20260323.txt,
2024-09-07,Saturday,1,06:03,10:35,21:03,01:35,13:03,17:35,4.53,0.0,chat-history-20260323.txt,
2024-09-08,Sunday,1,05:40,22:27,20:40,13:27,12:40,05:27,7.15,578.0,chat-history-20260323.txt,
2024-09-09,Monday,1,17:16,21:59,08:16,12:59,00:16,04:59,4.72,0.0,chat-history-20260323.txt,
2024-09-10,Tuesday,1,17:15,21:27,08:15,12:27,00:15,04:27,4.2,0.0,chat-history-20260323.txt,
2024-09-11,Wednesday,1,17:15,22:54,08:15,13:54,00:15,05:54,5.65,0.0,chat-history-20260323.txt,
2024-09-12,Thursday,1,17:20,21:32,08:20,12:32,00:20,04:32,4.2,0.0,chat-history-20260323.txt,
2024-09-15,Sunday,1,07:35,22:18,22:35,13:18,14:35,05:18,6.5,493.0,chat-history-20260323.txt,
2024-09-17,Tuesday,1,17:03,23:54,08:03,14:54,00:03,06:54,6.85,0.0,chat-history-20260323.txt,
2024-09-18,Wednesday,1,16:45,21:53,07:45,12:53,23:45,04:53,5.13,0.0,chat-history-20260323.txt,
2024-09-19,Thursday,1,18:08,19:56,09:08,10:56,01:08,02:56,1.8,0.0,chat-history-20260323.txt,
2024-09-22,Sunday,1,01:58,04:30,16:58,19:30,08:58,11:30,1.83,42.0,chat-history-20260323.txt,
2024-09-23,Monday,1,18:02,23:31,09:02,14:31,01:02,06:31,5.48,0.0,chat-history-20260323.txt,
2024-09-24,Tuesday,1,23:32,,14:32,,06:32,,,,chat-history-20260323.txt,
2024-09-25,Wednesday,1,17:12,22:47,08:12,13:47,00:12,05:47,5.58,0.0,chat-history-20260323.txt,
2024-09-26,Thursday,1,17:06,23:46,08:06,14:46,00:06,06:46,4.12,153.0,chat-history-20260323.txt,
2024-09-30,Monday,1,16:37,23:05,07:37,14:05,23:37,06:05,5.75,43.0,chat-history-20260323.txt,
2024-10-01,Tuesday,1,01:29,02:21,16:29,17:21,08:29,09:21,0.87,0.0,chat-history-20260323.txt,
2024-10-02,Wednesday,1,17:10,23:16,08:10,14:16,00:10,06:16,6.1,0.0,chat-history-20260323.txt,
2024-10-03,Thursday,1,08:12,,23:12,,15:12,,,,chat-history-20260323.txt,
2024-10-04,Friday,1,08:18,,23:18,,15:18,,,,chat-history-20260323.txt,
2024-10-06,Sunday,1,17:12,22:53,08:12,13:53,00:12,05:53,5.68,0.0,chat-history-20260323.txt,
2024-10-07,Monday,1,00:18,22:56,15:18,13:56,07:18,05:56,5.8,1010.0,chat-history-20260323.txt,
2024-10-08,Tuesday,1,19:02,21:18,10:02,12:18,02:02,04:18,2.27,0.0,chat-history-20260323.txt,
2024-10-10,Thursday,1,17:11,22:16,08:11,13:16,00:11,05:16,5.08,0.0,chat-history-20260323.txt,
2024-10-11,Friday,1,07:07,08:23,22:07,23:23,14:07,15:23,1.27,0.0,chat-history-20260323.txt,
2024-10-13,Sunday,1,07:01,22:58,22:01,13:58,14:01,05:58,7.47,509.0,chat-history-20260323.txt,
2024-10-14,Monday,1,17:23,23:10,08:23,14:10,00:23,06:10,5.78,0.0,chat-history-20260323.txt,
2024-10-15,Tuesday,1,17:03,22:09,08:03,13:09,00:03,05:09,5.1,0.0,chat-history-20260323.txt,
2024-10-16,Wednesday,1,17:08,22:24,08:08,13:24,00:08,05:24,5.27,0.0,chat-history-20260323.txt,
2024-10-17,Thursday,1,17:08,22:29,08:08,13:29,00:08,05:29,5.35,0.0,chat-history-20260323.txt,
2024-10-18,Friday,1,18:25,,09:25,,01:25,,,,chat-history-20260323.txt,
2024-10-19,Saturday,1,20:14,,11:14,,03:14,,,,chat-history-20260323.txt,
2024-10-20,Sunday,1,06:05,20:44,21:05,11:44,13:05,03:44,6.33,499.0,chat-history-20260323.txt,
2024-10-21,Monday,1,00:08,22:15,15:08,13:15,07:08,05:15,7.52,876.0,chat-history-20260323.txt,
2024-10-22,Tuesday,1,01:18,23:48,16:18,14:48,08:18,06:48,8.92,815.0,chat-history-20260323.txt,
2024-10-23,Wednesday,1,17:15,19:30,08:15,10:30,00:15,02:30,2.25,0.0,chat-history-20260323.txt,
2024-10-24,Thursday,1,17:14,23:08,08:14,14:08,00:14,06:08,5.9,0.0,chat-history-20260323.txt,
2024-10-25,Friday,1,00:08,00:17,15:08,15:17,07:08,07:17,0.02,8.0,chat-history-20260323.txt,
2024-10-27,Sunday,1,06:29,21:14,21:29,12:14,13:29,04:14,6.53,493.0,chat-history-20260323.txt,
2024-10-28,Monday,1,17:21,21:33,08:21,12:33,00:21,04:33,4.2,0.0,chat-history-20260323.txt,
2024-10-29,Tuesday,1,16:47,23:04,07:47,14:04,23:47,06:04,4.18,126.0,chat-history-20260323.txt,
2024-10-30,Wednesday,1,18:10,20:17,09:10,11:17,01:10,03:17,2.12,0.0,chat-history-20260323.txt,
2024-10-31,Thursday,1,16:34,18:58,07:34,09:58,23:34,01:58,2.4,0.0,chat-history-20260323.txt,
2024-11-02,Saturday,1,08:26,10:51,23:26,01:51,15:26,17:51,2.42,0.0,chat-history-20260323.txt,
2024-11-03,Sunday,1,16:08,21:49,08:08,13:49,00:08,05:49,5.68,0.0,chat-history-20260323.txt,
2024-11-04,Monday,1,16:09,21:43,08:09,13:43,00:09,05:43,5.57,0.0,chat-history-20260323.txt,
2024-11-05,Tuesday,1,16:13,23:09,08:13,15:09,00:13,07:09,6.93,0.0,chat-history-20260323.txt,
2024-11-06,Wednesday,1,16:00,21:40,08:00,13:40,00:00,05:40,5.67,0.0,chat-history-20260323.txt,
2024-11-07,Thursday,1,16:38,21:19,08:38,13:19,00:38,05:19,4.68,0.0,chat-history-20260323.txt,
2024-11-10,Sunday,1,16:12,22:18,08:12,14:18,00:12,06:18,6.1,0.0,chat-history-20260323.txt,
2024-11-11,Monday,1,16:42,22:48,08:42,14:48,00:42,06:48,6.1,0.0,chat-history-20260323.txt,
2024-11-12,Tuesday,1,16:12,22:02,08:12,14:02,00:12,06:02,5.83,0.0,chat-history-20260323.txt,
2024-11-13,Wednesday,1,16:05,20:42,08:05,12:42,00:05,04:42,4.62,0.0,chat-history-20260323.txt,
2024-11-14,Thursday,1,16:08,20:57,08:08,12:57,00:08,04:57,4.82,0.0,chat-history-20260323.txt,
2024-11-17,Sunday,1,13:47,23:00,05:47,15:00,21:47,07:00,5.17,243.0,chat-history-20260323.txt,
2024-11-18,Monday,1,18:01,21:34,10:01,13:34,02:01,05:34,3.55,0.0,chat-history-20260323.txt,
2024-11-19,Tuesday,1,16:49,21:10,08:49,13:10,00:49,05:10,4.35,0.0,chat-history-20260323.txt,
2024-11-20,Wednesday,1,16:49,,08:49,,00:49,,,,chat-history-20260323.txt,
2024-11-21,Thursday,1,16:12,21:58,08:12,13:58,00:12,05:58,5.3,28.0,chat-history-20260323.txt,
2024-11-23,Saturday,1,18:36,20:47,10:36,12:47,02:36,04:47,2.18,0.0,chat-history-20260323.txt,
2024-11-24,Sunday,1,16:31,,08:31,,00:31,,,,chat-history-20260323.txt,
2024-11-25,Monday,1,16:06,22:15,08:06,14:15,00:06,06:15,6.15,0.0,chat-history-20260323.txt,
2024-11-26,Tuesday,1,16:47,22:08,08:47,14:08,00:47,06:08,5.35,0.0,chat-history-20260323.txt,
2024-11-27,Wednesday,1,16:06,22:13,08:06,14:13,00:06,06:13,6.12,0.0,chat-history-20260323.txt,
2024-11-28,Thursday,1,16:53,19:05,08:53,11:05,00:53,03:05,2.2,0.0,chat-history-20260323.txt,
2024-11-29,Friday,1,00:10,15:11,16:10,07:11,08:10,23:11,0.37,879.0,chat-history-20260323.txt,
2024-11-30,Saturday,1,14:42,17:16,06:42,09:16,22:42,01:16,2.57,0.0,chat-history-20260323.txt,
2024-12-01,Sunday,1,16:02,23:04,08:02,15:04,00:02,07:04,7.03,0.0,chat-history-20260323.txt,
2024-12-02,Monday,1,16:43,22:06,08:43,14:06,00:43,06:06,5.38,0.0,chat-history-20260323.txt,
2024-12-03,Tuesday,1,16:25,21:58,08:25,13:58,00:25,05:58,5.55,0.0,chat-history-20260323.txt,
2024-12-04,Wednesday,1,16:26,21:17,08:26,13:17,00:26,05:17,4.85,0.0,chat-history-20260323.txt,
2024-12-05,Thursday,1,16:43,22:03,08:43,14:03,00:43,06:03,5.33,0.0,chat-history-20260323.txt,
2024-12-08,Sunday,1,16:25,22:49,08:25,14:49,00:25,06:49,6.4,0.0,chat-history-20260323.txt,
2024-12-09,Monday,1,16:47,22:57,08:47,14:57,00:47,06:57,6.17,0.0,chat-history-20260323.txt,
2024-12-10,Tuesday,1,16:01,19:31,08:01,11:31,00:01,03:31,3.5,0.0,chat-history-20260323.txt,
2024-12-11,Wednesday,1,16:07,23:19,08:07,15:19,00:07,07:19,7.2,0.0,chat-history-20260323.txt,
2024-12-12,Thursday,1,16:18,22:47,08:18,14:47,00:18,06:47,6.48,0.0,chat-history-20260323.txt,
2024-12-14,Saturday,1,22:34,,14:34,,06:34,,,,chat-history-20260323.txt,
2024-12-15,Sunday,1,00:02,22:43,16:02,14:43,08:02,06:43,6.45,974.0,chat-history-20260323.txt,
2024-12-16,Monday,1,16:35,23:26,08:35,15:26,00:35,07:26,6.85,0.0,chat-history-20260323.txt,
2024-12-17,Tuesday,1,16:25,21:14,08:25,13:14,00:25,05:14,4.82,0.0,chat-history-20260323.txt,
2024-12-18,Wednesday,1,16:11,21:47,08:11,13:47,00:11,05:47,5.6,0.0,chat-history-20260323.txt,
2024-12-19,Thursday,1,16:37,21:46,08:37,13:46,00:37,05:46,5.15,0.0,chat-history-20260323.txt,
2024-12-21,Saturday,1,22:43,23:55,14:43,15:55,06:43,07:55,1.2,0.0,chat-history-20260323.txt,
2024-12-22,Sunday,1,16:30,22:17,08:30,14:17,00:30,06:17,5.78,0.0,chat-history-20260323.txt,
2024-12-23,Monday,1,16:58,21:45,08:58,13:45,00:58,05:45,4.78,0.0,chat-history-20260323.txt,
2024-12-24,Tuesday,1,17:24,22:38,09:24,14:38,01:24,06:38,5.23,0.0,chat-history-20260323.txt,
2024-12-25,Wednesday,1,18:11,22:53,10:11,14:53,02:11,06:53,4.7,0.0,chat-history-20260323.txt,
2024-12-26,Thursday,1,17:16,22:11,09:16,14:11,01:16,06:11,4.92,0.0,chat-history-20260323.txt,
2024-12-29,Sunday,1,16:20,22:02,08:20,14:02,00:20,06:02,5.7,0.0,chat-history-20260323.txt,
2025-01-01,Wednesday,1,03:57,05:08,19:57,21:08,11:57,13:08,1.18,0.0,chat-history-20260323.txt,
2025-01-02,Thursday,1,16:17,22:44,08:17,14:44,00:17,06:44,6.45,0.0,chat-history-20260323.txt,
2025-01-05,Sunday,1,15:28,20:41,07:28,12:41,23:28,04:41,4.97,15.0,chat-history-20260323.txt,
2025-01-06,Monday,1,15:18,20:19,07:18,12:19,23:18,04:19,5.02,0.0,chat-history-20260323.txt,
2025-01-07,Tuesday,1,16:20,22:02,08:20,14:02,00:20,06:02,5.7,0.0,chat-history-20260323.txt,
2025-01-08,Wednesday,1,07:00,21:05,23:00,13:05,15:00,05:05,5.88,492.0,chat-history-20260323.txt,
2025-01-09,Thursday,1,20:57,,12:57,,04:57,,,,chat-history-20260323.txt,
2025-01-10,Friday,1,,,,,,,,,chat-history-20260323.txt,
2025-01-12,Sunday,1,05:58,22:35,21:58,14:35,13:58,06:35,6.5,607.0,chat-history-20260323.txt,
2025-01-13,Monday,1,16:27,19:20,08:27,11:20,00:27,03:20,2.88,0.0,chat-history-20260323.txt,
2025-01-14,Tuesday,1,00:18,23:22,16:18,15:22,08:18,07:22,7.93,908.0,chat-history-20260323.txt,
2025-01-15,Wednesday,1,16:03,20:54,08:03,12:54,00:03,04:54,4.85,0.0,chat-history-20260323.txt,
2025-01-16,Thursday,1,13:48,22:29,05:48,14:29,21:48,06:29,4.48,252.0,chat-history-20260323.txt,
2025-01-17,Friday,1,06:27,08:50,22:27,00:50,14:27,16:50,2.38,0.0,chat-history-20260323.txt,
2025-01-18,Saturday,1,06:00,08:57,22:00,00:57,14:00,16:57,2.95,0.0,chat-history-20260323.txt,
2025-01-19,Sunday,1,16:03,22:58,08:03,14:58,00:03,06:58,6.92,0.0,chat-history-20260323.txt,
2025-01-20,Monday,1,15:27,21:06,07:27,13:06,23:27,05:06,5.15,30.0,chat-history-20260323.txt,
2025-01-21,Tuesday,1,15:23,19:14,07:23,11:14,23:23,03:14,3.85,0.0,chat-history-20260323.txt,
2025-01-22,Wednesday,1,15:54,21:07,07:54,13:07,23:54,05:07,5.22,0.0,chat-history-20260323.txt,
2025-01-23,Thursday,1,16:00,22:33,08:00,14:33,00:00,06:33,5.2,81.0,chat-history-20260323.txt,
2025-01-26,Sunday,1,15:54,21:27,07:54,13:27,23:54,05:27,5.55,0.0,chat-history-20260323.txt,
2025-01-31,Friday,1,05:34,,21:34,,13:34,,,,chat-history-20260323.txt,
2025-02-01,Saturday,1,06:11,08:34,22:11,00:34,14:11,16:34,2.38,0.0,chat-history-20260323.txt,
2025-02-02,Sunday,1,17:04,22:42,09:04,14:42,01:04,06:42,5.63,0.0,chat-history-20260323.txt,
2025-02-03,Monday,1,16:11,23:20,08:11,15:20,00:11,07:20,4.58,154.0,chat-history-20260323.txt,
2025-02-04,Tuesday,1,16:48,21:44,08:48,13:44,00:48,05:44,4.93,0.0,chat-history-20260323.txt,
2025-02-05,Wednesday,1,16:22,22:33,08:22,14:33,00:22,06:33,5.38,48.0,chat-history-20260323.txt,
2025-02-06,Thursday,1,16:55,21:47,08:55,13:47,00:55,05:47,3.55,79.0,chat-history-20260323.txt,
2025-02-09,Sunday,1,16:04,22:13,08:04,14:13,00:04,06:13,6.15,0.0,chat-history-20260323.txt,
2025-02-10,Monday,1,05:21,20:06,21:21,12:06,13:21,04:06,5.9,531.0,chat-history-20260323.txt,
2025-02-11,Tuesday,1,01:23,22:58,17:23,14:58,09:23,06:58,16.2,323.0,chat-history-20260323.txt,
2025-02-12,Wednesday,1,16:43,21:12,08:43,13:12,00:43,05:12,4.48,0.0,chat-history-20260323.txt,
2025-02-13,Thursday,1,16:25,22:03,08:25,14:03,00:25,06:03,5.63,0.0,chat-history-20260323.txt,
2025-02-14,Friday,1,07:19,07:45,23:19,23:45,15:19,15:45,0.43,0.0,chat-history-20260323.txt,
2025-02-15,Saturday,1,19:57,21:20,11:57,13:20,03:57,05:20,1.38,0.0,chat-history-20260323.txt,
2025-02-16,Sunday,1,04:32,23:40,20:32,15:40,12:32,07:40,9.12,601.0,chat-history-20260323.txt,
2025-02-17,Monday,1,16:31,20:11,08:31,12:11,00:31,04:11,3.67,0.0,chat-history-20260323.txt,
2025-02-18,Tuesday,1,07:17,17:51,23:17,09:51,15:17,01:51,3.27,438.0,chat-history-20260323.txt,
2025-02-19,Wednesday,1,03:46,20:24,19:46,12:24,11:46,04:24,6.28,621.0,chat-history-20260323.txt,
2025-02-20,Thursday,1,05:31,22:02,21:31,14:02,13:31,06:02,6.82,582.0,chat-history-20260323.txt,
2025-02-23,Sunday,1,06:40,22:49,22:40,14:49,14:40,06:49,6.37,587.0,chat-history-20260323.txt,
2025-02-24,Monday,1,06:23,19:59,22:23,11:59,14:23,03:59,4.78,529.0,chat-history-20260323.txt,
2025-02-27,Thursday,1,16:05,16:11,08:05,08:11,00:05,00:11,0.1,0.0,chat-history-20260323.txt,
2025-03-01,Saturday,1,21:08,23:08,13:08,15:08,05:08,07:08,2.0,0.0,chat-history-20260323.txt,
2025-03-02,Sunday,1,16:36,22:50,08:36,14:50,00:36,06:50,6.23,0.0,chat-history-20260323.txt,
2025-03-03,Monday,1,16:35,21:41,08:35,13:41,00:35,05:41,5.1,0.0,chat-history-20260323.txt,
2025-03-04,Tuesday,1,16:02,21:11,08:02,13:11,00:02,05:11,5.15,0.0,chat-history-20260323.txt,
2025-03-05,Wednesday,1,16:13,20:52,08:13,12:52,00:13,04:52,4.65,0.0,chat-history-20260323.txt,
2025-03-06,Thursday,1,16:03,21:24,08:03,13:24,00:03,05:24,5.35,0.0,chat-history-20260323.txt,
2025-03-07,Friday,1,17:55,20:44,09:55,12:44,01:55,04:44,2.82,0.0,chat-history-20260323.txt,
2025-03-08,Saturday,1,16:41,23:43,08:41,15:43,00:41,07:43,6.48,33.0,chat-history-20260323.txt,
2025-03-10,Monday,1,09:01,22:23,00:01,13:23,16:01,05:23,7.88,329.0,chat-history-20260323.txt,
2025-03-11,Tuesday,1,17:32,22:19,08:32,13:19,00:32,05:19,4.78,0.0,chat-history-20260323.txt,
2025-03-12,Wednesday,1,16:37,21:42,07:37,12:42,23:37,04:42,4.62,28.0,chat-history-20260323.txt,
2025-03-13,Thursday,1,17:17,22:15,08:17,13:15,00:17,05:15,4.97,0.0,chat-history-20260323.txt,
2025-03-16,Sunday,1,16:33,23:25,07:33,14:25,23:33,06:25,6.87,0.0,chat-history-20260323.txt,
2025-03-17,Monday,1,17:00,21:31,08:00,12:31,00:00,04:31,4.52,0.0,chat-history-20260323.txt,
2025-03-18,Tuesday,1,17:17,22:33,08:17,13:33,00:17,05:33,5.27,0.0,chat-history-20260323.txt,
2025-03-19,Wednesday,1,16:29,20:10,07:29,11:10,23:29,03:10,2.6,65.0,chat-history-20260323.txt,
2025-03-20,Thursday,1,17:11,22:46,08:11,13:46,00:11,05:46,5.58,0.0,chat-history-20260323.txt,
2025-03-22,Saturday,1,22:57,,13:57,,05:57,,,,chat-history-20260323.txt,
2025-03-23,Sunday,1,16:36,17:47,07:36,08:47,23:36,00:47,1.18,0.0,chat-history-20260323.txt,
2025-03-24,Monday,1,00:34,23:20,15:34,14:20,07:34,06:20,6.35,985.0,chat-history-20260323.txt,
2025-03-25,Tuesday,1,17:07,22:27,08:07,13:27,00:07,05:27,5.33,0.0,chat-history-20260323.txt,
2025-03-26,Wednesday,1,16:42,22:44,07:42,13:44,23:42,05:44,6.03,0.0,chat-history-20260323.txt,
2025-03-27,Thursday,1,16:21,21:54,07:21,12:54,23:21,04:54,5.55,0.0,chat-history-20260323.txt,
2025-03-30,Sunday,1,16:29,23:13,07:29,14:13,23:29,06:13,6.73,0.0,chat-history-20260323.txt,
2025-03-31,Monday,1,13:41,23:05,04:41,14:05,20:41,06:05,4.45,297.0,chat-history-20260323.txt,
2025-04-01,Tuesday,1,17:08,21:07,08:08,12:07,00:08,04:07,3.98,0.0,chat-history-20260323.txt,
2025-04-03,Thursday,1,21:56,23:10,12:56,14:10,04:56,06:10,1.23,0.0,chat-history-20260323.txt,
2025-04-05,Saturday,1,21:14,,12:14,,04:14,,,,chat-history-20260323.txt,
2025-04-06,Sunday,1,17:12,22:43,08:12,13:43,00:12,05:43,5.52,0.0,chat-history-20260323.txt,
2025-04-07,Monday,1,16:47,22:11,07:47,13:11,23:47,05:11,4.48,55.0,chat-history-20260323.txt,
2025-04-08,Tuesday,1,17:49,22:23,08:49,13:23,00:49,05:23,4.57,0.0,chat-history-20260323.txt,
2025-04-09,Wednesday,1,14:36,22:32,05:36,13:32,21:36,05:32,2.67,316.0,chat-history-20260323.txt,
2025-04-12,Saturday,1,19:59,,10:59,,02:59,,,,chat-history-20260323.txt,
2025-04-13,Sunday,1,00:17,23:46,15:17,14:46,07:17,06:46,23.48,0.0,chat-history-20260323.txt,
2025-04-14,Monday,1,01:58,14:23,16:58,05:23,08:58,21:23,0.92,690.0,chat-history-20260323.txt,
2025-04-16,Wednesday,1,13:44,14:47,04:44,05:47,20:44,21:47,1.05,0.0,chat-history-20260323.txt,
2025-04-17,Thursday,1,14:50,15:07,05:50,06:07,21:50,22:07,0.28,0.0,chat-history-20260323.txt,
2025-04-18,Friday,1,00:16,03:30,15:16,18:30,07:16,10:30,3.23,0.0,chat-history-20260323.txt,
2025-04-21,Monday,1,05:24,20:36,20:24,11:36,12:24,03:36,5.38,589.0,chat-history-20260323.txt,
2025-04-22,Tuesday,1,07:53,21:48,22:53,12:48,14:53,04:48,5.73,491.0,chat-history-20260323.txt,
2025-04-23,Wednesday,1,17:51,22:20,08:51,13:20,00:51,05:20,4.48,0.0,chat-history-20260323.txt,
2025-04-24,Thursday,1,14:51,22:05,05:51,13:05,21:51,05:05,3.63,216.0,chat-history-20260323.txt,
2025-04-26,Saturday,1,21:44,23:05,12:44,14:05,04:44,06:05,1.35,0.0,chat-history-20260323.txt,
2025-04-27,Sunday,1,17:05,23:24,08:05,14:24,00:05,06:24,6.32,0.0,chat-history-20260323.txt,
2025-04-28,Monday,1,16:55,22:56,07:55,13:56,23:55,05:56,6.02,0.0,chat-history-20260323.txt,
2025-04-29,Tuesday,1,17:07,23:20,08:07,14:20,00:07,06:20,6.22,0.0,chat-history-20260323.txt,
2025-04-30,Wednesday,1,16:54,22:59,07:54,13:59,23:54,05:59,6.08,0.0,chat-history-20260323.txt,
2025-05-01,Thursday,1,17:04,21:55,08:04,12:55,00:04,04:55,4.85,0.0,chat-history-20260323.txt,
2025-05-03,Saturday,1,21:43,23:58,12:43,14:58,04:43,06:58,2.25,0.0,chat-history-20260323.txt,
2025-05-04,Sunday,1,16:15,23:20,07:15,14:20,23:15,06:20,7.08,0.0,chat-history-20260323.txt,
2025-05-05,Monday,1,17:21,22:50,08:21,13:50,00:21,05:50,5.48,0.0,chat-history-20260323.txt,
2025-05-06,Tuesday,1,17:12,22:02,08:12,13:02,00:12,05:02,4.83,0.0,chat-history-20260323.txt,
2025-05-07,Wednesday,1,17:35,23:22,08:35,14:22,00:35,06:22,4.2,95.0,chat-history-20260323.txt,
2025-05-08,Thursday,1,16:53,21:39,07:53,12:39,23:53,04:39,4.77,0.0,chat-history-20260323.txt,
2025-05-10,Saturday,1,09:07,,00:07,,16:07,,,,chat-history-20260323.txt,
2025-05-11,Sunday,1,17:28,23:00,08:28,14:00,00:28,06:00,5.53,0.0,chat-history-20260323.txt,
2025-05-12,Monday,1,14:30,22:49,05:30,13:49,21:30,05:49,5.2,187.0,chat-history-20260323.txt,
2025-05-13,Tuesday,1,16:34,22:19,07:34,13:19,23:34,05:19,5.75,0.0,chat-history-20260323.txt,
2025-05-14,Wednesday,1,17:40,22:13,08:40,13:13,00:40,05:13,4.55,0.0,chat-history-20260323.txt,
2025-05-15,Thursday,1,19:40,22:30,10:40,13:30,02:40,05:30,2.83,0.0,chat-history-20260323.txt,
2025-05-17,Saturday,1,21:30,23:06,12:30,14:06,04:30,06:06,1.6,0.0,chat-history-20260323.txt,
2025-05-18,Sunday,1,17:06,22:38,08:06,13:38,00:06,05:38,5.53,0.0,chat-history-20260323.txt,
2025-05-19,Monday,1,16:56,21:55,07:56,12:55,23:56,04:55,4.98,0.0,chat-history-20260323.txt,
2025-05-20,Tuesday,1,16:57,21:48,07:57,12:48,23:57,04:48,4.85,0.0,chat-history-20260323.txt,
2025-05-21,Wednesday,1,16:56,23:26,07:56,14:26,23:56,06:26,6.5,0.0,chat-history-20260323.txt,
2025-05-22,Thursday,1,16:44,22:40,07:44,13:40,23:44,05:40,5.93,0.0,chat-history-20260323.txt,
2025-05-24,Saturday,1,22:12,,13:12,,05:12,,,,chat-history-20260323.txt,
2025-05-25,Sunday,1,17:01,22:45,08:01,13:45,00:01,05:45,5.73,0.0,chat-history-20260323.txt,
2025-05-26,Monday,1,17:07,22:45,08:07,13:45,00:07,05:45,5.63,0.0,chat-history-20260323.txt,
2025-05-27,Tuesday,1,16:37,21:20,07:37,12:20,23:37,04:20,4.72,0.0,chat-history-20260323.txt,
2025-05-28,Wednesday,1,17:39,22:05,08:39,13:05,00:39,05:05,4.43,0.0,chat-history-20260323.txt,
2025-05-30,Friday,1,19:43,22:09,10:43,13:09,02:43,05:09,2.43,0.0,chat-history-20260323.txt,
2025-05-31,Saturday,1,15:30,16:29,06:30,07:29,22:30,23:29,0.98,0.0,chat-history-20260323.txt,
2025-06-01,Sunday,1,16:33,23:16,07:33,14:16,23:33,06:16,6.72,0.0,chat-history-20260323.txt,
2025-06-02,Monday,1,17:01,22:35,08:01,13:35,00:01,05:35,5.57,0.0,chat-history-20260323.txt,
2025-06-03,Tuesday,1,17:56,21:43,08:56,12:43,00:56,04:43,2.38,84.0,chat-history-20260323.txt,
2025-06-04,Wednesday,1,16:53,21:36,07:53,12:36,23:53,04:36,4.72,0.0,chat-history-20260323.txt,
2025-06-05,Thursday,1,16:31,21:52,07:31,12:52,23:31,04:52,5.35,0.0,chat-history-20260323.txt,
2025-06-07,Saturday,1,22:23,23:48,13:23,14:48,05:23,06:48,1.42,0.0,chat-history-20260323.txt,
2025-06-08,Sunday,1,13:52,22:33,04:52,13:33,20:52,05:33,5.92,166.0,chat-history-20260323.txt,
2025-06-09,Monday,1,17:06,22:01,08:06,13:01,00:06,05:01,4.92,0.0,chat-history-20260323.txt,
2025-06-10,Tuesday,1,16:34,22:18,07:34,13:18,23:34,05:18,5.73,0.0,chat-history-20260323.txt,
2025-06-11,Wednesday,1,17:28,21:37,08:28,12:37,00:28,04:37,4.15,0.0,chat-history-20260323.txt,
2025-06-12,Thursday,1,17:10,21:39,08:10,12:39,00:10,04:39,4.48,0.0,chat-history-20260323.txt,
2025-06-14,Saturday,1,21:16,23:31,12:16,14:31,04:16,06:31,2.25,0.0,chat-history-20260323.txt,
2025-06-15,Sunday,1,16:14,22:37,07:14,13:37,23:14,05:37,6.38,0.0,chat-history-20260323.txt,
2025-06-16,Monday,1,17:21,22:41,08:21,13:41,00:21,05:41,5.33,0.0,chat-history-20260323.txt,
2025-06-17,Tuesday,1,17:14,22:28,08:14,13:28,00:14,05:28,5.23,0.0,chat-history-20260323.txt,
2025-06-18,Wednesday,1,17:32,22:42,08:32,13:42,00:32,05:42,5.17,0.0,chat-history-20260323.txt,
2025-06-19,Thursday,1,17:01,23:14,08:01,14:14,00:01,06:14,6.2,1.0,chat-history-20260323.txt,
2025-06-21,Saturday,1,17:43,23:27,08:43,14:27,00:43,06:27,2.45,197.0,chat-history-20260323.txt,
2025-06-22,Sunday,1,16:31,22:48,07:31,13:48,23:31,05:48,6.28,0.0,chat-history-20260323.txt,
2025-06-23,Monday,1,16:38,21:24,07:38,12:24,23:38,04:24,4.77,0.0,chat-history-20260323.txt,
2025-06-25,Wednesday,1,15:48,19:02,06:48,10:02,22:48,02:02,3.18,3.0,chat-history-20260323.txt,
2025-06-26,Thursday,1,15:07,20:50,06:07,11:50,22:07,03:50,5.72,0.0,chat-history-20260323.txt,
2025-06-29,Sunday,1,04:31,19:56,19:31,10:56,11:31,02:56,15.37,3.0,chat-history-20260323.txt,
2025-06-30,Monday,1,15:11,21:57,06:11,12:57,22:11,04:57,5.7,64.0,chat-history-20260323.txt,
2025-07-01,Tuesday,1,15:02,19:01,06:02,10:01,22:02,02:01,1.88,126.0,chat-history-20260323.txt,
2025-07-02,Wednesday,1,15:00,22:30,06:00,13:30,22:00,05:30,6.7,48.0,chat-history-20260323.txt,
2025-07-03,Thursday,1,16:17,20:00,07:17,11:00,23:17,03:00,3.72,0.0,chat-history-20260323.txt,
2025-07-04,Friday,1,00:08,03:01,15:08,18:01,07:08,10:01,2.88,0.0,chat-history-20260323.txt,
2025-07-05,Saturday,1,06:27,09:11,21:27,00:11,13:27,16:11,2.73,0.0,chat-history-20260323.txt,
2025-07-06,Sunday,1,06:56,23:11,21:56,14:11,13:56,06:11,8.67,455.0,chat-history-20260323.txt,
2025-07-07,Monday,1,16:13,21:02,07:13,12:02,23:13,04:02,4.82,0.0,chat-history-20260323.txt,
2025-07-08,Tuesday,1,06:34,22:10,21:34,13:10,13:34,05:10,6.2,564.0,chat-history-20260323.txt,
2025-07-09,Wednesday,1,15:15,19:36,06:15,10:36,22:15,02:36,4.35,0.0,chat-history-20260323.txt,
2025-07-10,Thursday,1,16:04,20:20,07:04,11:20,23:04,03:20,4.27,0.0,chat-history-20260323.txt,
2025-07-12,Saturday,1,09:10,10:53,00:10,01:53,16:10,17:53,1.72,0.0,chat-history-20260323.txt,
2025-07-13,Sunday,1,16:21,22:08,07:21,13:08,23:21,05:08,5.78,0.0,chat-history-20260323.txt,
2025-07-14,Monday,1,15:33,22:31,06:33,13:31,22:33,05:31,5.13,110.0,chat-history-20260323.txt,
2025-07-15,Tuesday,1,16:30,22:55,07:30,13:55,23:30,05:55,4.62,108.0,chat-history-20260323.txt,
2025-07-16,Wednesday,1,15:34,20:56,06:34,11:56,22:34,03:56,4.02,81.0,chat-history-20260323.txt,
2025-07-17,Thursday,1,16:12,21:18,07:12,12:18,23:12,04:18,5.1,0.0,chat-history-20260323.txt,
2025-07-19,Saturday,1,07:24,09:04,22:24,00:04,14:24,16:04,1.67,0.0,chat-history-20260323.txt,
2025-07-20,Sunday,1,06:38,19:58,21:38,10:58,13:38,02:58,4.65,521.0,chat-history-20260323.txt,
2025-07-21,Monday,1,15:30,21:24,06:30,12:24,22:30,04:24,4.28,97.0,chat-history-20260323.txt,
2025-07-22,Tuesday,1,00:10,23:51,15:10,14:51,07:10,06:51,6.68,1020.0,chat-history-20260323.txt,
2025-07-23,Wednesday,1,00:36,19:14,15:36,10:14,07:36,02:14,5.2,806.0,chat-history-20260323.txt,
2025-07-24,Thursday,1,07:01,08:03,22:01,23:03,14:01,15:03,1.03,0.0,chat-history-20260323.txt,
2025-07-26,Saturday,1,07:26,09:22,22:26,00:22,14:26,16:22,1.93,0.0,chat-history-20260323.txt,
2025-07-27,Sunday,1,07:04,21:43,22:04,12:43,14:04,04:43,7.05,456.0,chat-history-20260323.txt,
2025-07-28,Monday,1,15:30,19:05,06:30,10:05,22:30,02:05,3.58,0.0,chat-history-20260323.txt,
2025-07-29,Tuesday,1,00:04,19:50,15:04,10:50,07:04,02:50,4.83,896.0,chat-history-20260323.txt,
2025-07-30,Wednesday,1,15:50,20:28,06:50,11:28,22:50,03:28,4.63,0.0,chat-history-20260323.txt,
2025-07-31,Thursday,1,15:49,19:51,06:49,10:51,22:49,02:51,4.03,0.0,chat-history-20260323.txt,
2025-08-03,Sunday,1,02:45,20:29,17:45,11:29,09:45,03:29,4.72,781.0,chat-history-20260323.txt,
2025-08-04,Monday,1,17:10,21:54,08:10,12:54,00:10,04:54,4.73,0.0,chat-history-20260323.txt,
2025-08-05,Tuesday,1,16:46,21:22,07:46,12:22,23:46,04:22,4.6,0.0,chat-history-20260323.txt,
2025-08-06,Wednesday,1,16:30,18:48,07:30,09:48,23:30,01:48,2.3,0.0,chat-history-20260323.txt,
2025-08-07,Thursday,1,18:05,22:17,09:05,13:17,01:05,05:17,4.2,0.0,chat-history-20260323.txt,
2025-08-10,Sunday,1,07:55,22:53,22:55,13:53,14:55,05:53,6.87,486.0,chat-history-20260323.txt,
2025-08-11,Monday,1,16:30,23:24,07:30,14:24,23:30,06:24,5.65,75.0,chat-history-20260323.txt,
2025-08-12,Tuesday,1,16:22,20:20,07:22,11:20,23:22,03:20,3.97,0.0,chat-history-20260323.txt,
2025-08-13,Wednesday,1,06:49,08:13,21:49,23:13,13:49,15:13,1.4,0.0,chat-history-20260323.txt,
2025-08-14,Thursday,1,17:11,21:33,08:11,12:33,00:11,04:33,4.37,0.0,chat-history-20260323.txt,
2025-08-17,Sunday,1,16:35,22:48,07:35,13:48,23:35,05:48,5.45,46.0,chat-history-20260323.txt,
2025-08-18,Monday,1,19:21,,10:21,,02:21,,,,chat-history-20260323.txt,
2025-08-19,Tuesday,1,16:40,21:06,07:40,12:06,23:40,04:06,4.43,0.0,chat-history-20260323.txt,
2025-08-20,Wednesday,1,17:38,22:38,08:38,13:38,00:38,05:38,4.18,49.0,chat-history-20260323.txt,
2025-08-21,Thursday,1,17:35,22:26,08:35,13:26,00:35,05:26,4.85,0.0,chat-history-20260323.txt,
2025-08-24,Sunday,1,06:17,21:44,21:17,12:44,13:17,04:44,6.45,540.0,chat-history-20260323.txt,
2025-08-25,Monday,1,01:07,23:34,16:07,14:34,08:07,06:34,5.88,994.0,chat-history-20260323.txt,
2025-08-26,Tuesday,1,16:57,20:55,07:57,11:55,23:57,03:55,3.97,0.0,chat-history-20260323.txt,
2025-08-27,Wednesday,1,01:10,20:35,16:10,11:35,08:10,03:35,5.97,807.0,chat-history-20260323.txt,
2025-08-28,Thursday,1,00:50,20:07,15:50,11:07,07:50,03:07,7.23,723.0,chat-history-20260323.txt,
2025-08-29,Friday,1,05:59,08:15,20:59,23:15,12:59,15:15,2.27,0.0,chat-history-20260323.txt,
2025-08-30,Saturday,1,05:28,,20:28,,12:28,,,,chat-history-20260323.txt,
2025-09-02,Tuesday,1,16:59,21:44,07:59,12:44,23:59,04:44,4.75,0.0,chat-history-20260323.txt,
2025-09-03,Wednesday,1,16:35,21:18,07:35,12:18,23:35,04:18,4.72,0.0,chat-history-20260323.txt,
2025-09-04,Thursday,1,17:54,23:46,08:54,14:46,00:54,06:46,5.12,45.0,chat-history-20260323.txt,
2025-09-06,Saturday,1,05:07,08:55,20:07,23:55,12:07,15:55,3.8,0.0,chat-history-20260323.txt,
2025-09-07,Sunday,1,05:04,10:00,20:04,01:00,12:04,17:00,4.93,0.0,chat-history-20260323.txt,
2025-09-08,Monday,1,17:02,22:55,08:02,13:55,00:02,05:55,5.88,0.0,chat-history-20260323.txt,
2025-09-09,Tuesday,1,16:59,22:12,07:59,13:12,23:59,05:12,5.22,0.0,chat-history-20260323.txt,
2025-09-10,Wednesday,1,17:37,22:31,08:37,13:31,00:37,05:31,4.9,0.0,chat-history-20260323.txt,
2025-09-11,Thursday,1,17:43,22:31,08:43,13:31,00:43,05:31,4.8,0.0,chat-history-20260323.txt,
2025-09-14,Sunday,1,16:50,18:23,07:50,09:23,23:50,01:23,1.52,2.0,chat-history-20260323.txt,
2025-09-15,Monday,1,16:59,20:44,07:59,11:44,23:59,03:44,3.75,0.0,chat-history-20260323.txt,
2025-09-16,Tuesday,1,16:47,21:55,07:47,12:55,23:47,04:55,5.13,0.0,chat-history-20260323.txt,
2025-09-17,Wednesday,1,16:06,21:35,07:06,12:35,23:06,04:35,5.48,0.0,chat-history-20260323.txt,
2025-09-18,Thursday,1,16:47,21:46,07:47,12:46,23:47,04:46,4.98,0.0,chat-history-20260323.txt,
2025-09-21,Sunday,1,09:09,22:10,00:09,13:10,16:09,05:10,7.98,302.0,chat-history-20260323.txt,
2025-09-22,Monday,1,17:16,22:27,08:16,13:27,00:16,05:27,5.18,0.0,chat-history-20260323.txt,
2025-09-23,Tuesday,1,17:01,22:20,08:01,13:20,00:01,05:20,5.32,0.0,chat-history-20260323.txt,
2025-09-24,Wednesday,1,16:29,22:24,07:29,13:24,23:29,05:24,,,chat-history-20260323.txt,
2025-09-25,Thursday,1,16:55,22:20,07:55,13:20,23:55,05:20,5.42,0.0,chat-history-20260323.txt,
2025-09-27,Saturday,1,10:41,22:47,01:41,13:47,17:41,05:47,3.58,511.0,chat-history-20260323.txt,
2025-09-28,Sunday,1,19:14,21:41,10:14,12:41,02:14,04:41,2.45,0.0,chat-history-20260323.txt,
2025-09-29,Monday,1,16:14,22:36,07:14,13:36,23:14,05:36,6.37,0.0,chat-history-20260323.txt,
2025-09-30,Tuesday,1,17:36,23:00,08:36,14:00,00:36,06:00,5.1,18.0,chat-history-20260323.txt,
2025-10-01,Wednesday,1,17:30,23:03,08:30,14:03,00:30,06:03,5.55,0.0,chat-history-20260323.txt,
2025-10-02,Thursday,1,16:37,22:14,07:37,13:14,23:37,05:14,5.62,0.0,chat-history-20260323.txt,
2025-10-04,Saturday,1,22:42,,13:42,,05:42,,,,chat-history-20260323.txt,
2025-10-05,Sunday,1,21:43,23:13,12:43,14:13,04:43,06:13,1.5,0.0,chat-history-20260323.txt,
2025-10-06,Monday,1,16:57,23:39,07:57,14:39,23:57,06:39,6.7,0.0,chat-history-20260323.txt,
2025-10-07,Tuesday,1,17:07,22:25,08:07,13:25,00:07,05:25,5.3,0.0,chat-history-20260323.txt,
2025-10-08,Wednesday,1,18:07,22:53,09:07,13:53,01:07,05:53,4.77,0.0,chat-history-20260323.txt,
2025-10-09,Thursday,1,19:18,22:22,10:18,13:22,02:18,05:22,3.07,0.0,chat-history-20260323.txt,
2025-10-12,Sunday,1,09:08,12:36,00:08,03:36,16:08,19:36,2.07,84.0,chat-history-20260323.txt,
2025-10-13,Monday,1,16:57,22:25,07:57,13:25,23:57,05:25,5.47,0.0,chat-history-20260323.txt,
2025-10-14,Tuesday,1,18:10,23:41,09:10,14:41,01:10,06:41,5.52,0.0,chat-history-20260323.txt,
2025-10-15,Wednesday,1,17:45,22:41,08:45,13:41,00:45,05:41,4.93,0.0,chat-history-20260323.txt,
2025-10-16,Thursday,1,19:30,23:01,10:30,14:01,02:30,06:01,3.52,0.0,chat-history-20260323.txt,
2025-10-17,Friday,1,07:35,13:17,22:35,04:17,14:35,20:17,0.73,298.0,chat-history-20260323.txt,
2025-10-18,Saturday,1,16:06,19:00,07:06,10:00,23:06,02:00,2.9,0.0,chat-history-20260323.txt,
2025-10-19,Sunday,1,17:04,21:48,08:04,12:48,00:04,04:48,4.73,0.0,chat-history-20260323.txt,
2025-10-20,Monday,1,14:57,15:36,05:57,06:36,21:57,22:36,0.65,0.0,chat-history-20260323.txt,
2025-10-21,Tuesday,1,17:22,22:57,08:22,13:57,00:22,05:57,5.58,0.0,chat-history-20260323.txt,
2025-10-22,Wednesday,1,17:30,22:27,08:30,13:27,00:30,05:27,4.95,0.0,chat-history-20260323.txt,
2025-10-23,Thursday,1,17:16,19:58,08:16,10:58,00:16,02:58,2.7,0.0,chat-history-20260323.txt,
2025-10-25,Saturday,1,10:29,12:32,01:29,03:32,17:29,19:32,2.05,0.0,chat-history-20260323.txt,
2025-10-26,Sunday,1,16:41,22:10,07:41,13:10,23:41,05:10,5.48,0.0,chat-history-20260323.txt,
2025-10-27,Monday,1,16:52,23:32,07:52,14:32,23:52,06:32,6.67,0.0,chat-history-20260323.txt,
2025-10-28,Tuesday,1,17:20,22:21,08:20,13:21,00:20,05:21,5.02,0.0,chat-history-20260323.txt,
2025-10-29,Wednesday,1,16:49,23:10,07:49,14:10,23:49,06:10,5.45,54.0,chat-history-20260323.txt,
2025-10-30,Thursday,1,17:02,22:02,08:02,13:02,00:02,05:02,5.0,0.0,chat-history-20260323.txt,
2025-10-31,Friday,1,08:19,08:19,23:19,23:19,15:19,15:19,,,chat-history-20260323.txt,
2025-11-01,Saturday,1,18:56,21:49,09:56,12:49,01:56,04:49,2.88,0.0,chat-history-20260323.txt,
2025-11-02,Sunday,1,16:08,21:45,08:08,13:45,00:08,05:45,5.62,0.0,chat-history-20260323.txt,
2025-11-03,Monday,1,16:25,21:28,08:25,13:28,00:25,05:28,5.05,0.0,chat-history-20260323.txt,
2025-11-04,Tuesday,1,16:07,23:40,08:07,15:40,00:07,07:40,6.67,53.0,chat-history-20260323.txt,
2025-11-05,Wednesday,1,16:25,21:59,08:25,13:59,00:25,05:59,5.57,0.0,chat-history-20260323.txt,
2025-11-06,Thursday,1,16:23,21:42,08:23,13:42,00:23,05:42,5.32,0.0,chat-history-20260323.txt,
2025-11-09,Sunday,1,17:06,23:16,09:06,15:16,01:06,07:16,5.28,53.0,chat-history-20260323.txt,
2025-11-10,Monday,1,16:10,21:53,08:10,13:53,00:10,05:53,5.72,0.0,chat-history-20260323.txt,
2025-11-11,Tuesday,1,17:54,22:38,09:54,14:38,01:54,06:38,4.73,0.0,chat-history-20260323.txt,
2025-11-12,Wednesday,1,16:20,22:09,08:20,14:09,00:20,06:09,5.82,0.0,chat-history-20260323.txt,
2025-11-13,Thursday,1,12:54,22:45,04:54,14:45,20:54,06:45,6.87,179.0,chat-history-20260323.txt,
2025-11-14,Friday,1,07:42,,23:42,,15:42,,,,chat-history-20260323.txt,
2025-11-15,Saturday,1,20:05,23:02,12:05,15:02,04:05,07:02,2.95,0.0,chat-history-20260323.txt,
2025-11-16,Sunday,1,17:01,22:33,09:01,14:33,01:01,06:33,5.53,0.0,chat-history-20260323.txt,
2025-11-17,Monday,1,16:57,23:17,08:57,15:17,00:57,07:17,6.33,0.0,chat-history-20260323.txt,
2025-11-18,Tuesday,1,16:39,22:12,08:39,14:12,00:39,06:12,5.55,0.0,chat-history-20260323.txt,
2025-11-19,Wednesday,1,16:56,21:50,08:56,13:50,00:56,05:50,4.9,0.0,chat-history-20260323.txt,
2025-11-20,Thursday,1,16:16,22:10,08:16,14:10,00:16,06:10,5.9,0.0,chat-history-20260323.txt,
2025-11-23,Sunday,1,07:51,08:21,23:51,00:21,15:51,16:21,0.5,0.0,chat-history-20260323.txt,
2025-11-24,Monday,1,08:09,22:59,00:09,14:59,16:09,06:59,4.92,595.0,chat-history-20260323.txt,
2025-11-25,Tuesday,1,07:57,09:36,23:57,01:36,15:57,17:36,1.65,0.0,chat-history-20260323.txt,
2025-11-26,Wednesday,1,16:54,23:03,08:54,15:03,00:54,07:03,4.33,109.0,chat-history-20260323.txt,
2025-11-27,Thursday,1,21:10,,13:10,,05:10,,,,chat-history-20260323.txt,
2025-11-28,Friday,1,00:07,02:19,16:07,18:19,08:07,10:19,2.2,0.0,chat-history-20260323.txt,
2025-11-30,Sunday,1,15:53,23:16,07:53,15:16,23:53,07:16,7.38,0.0,chat-history-20260323.txt,
2025-12-01,Monday,1,16:40,22:45,08:40,14:45,00:40,06:45,6.08,0.0,chat-history-20260323.txt,
2025-12-02,Tuesday,1,07:37,22:10,23:37,14:10,15:37,06:10,7.77,407.0,chat-history-20260323.txt,
2025-12-03,Wednesday,1,16:17,23:05,08:17,15:05,00:17,07:05,6.8,0.0,chat-history-20260323.txt,
2025-12-04,Thursday,1,15:31,23:02,07:31,15:02,23:31,07:02,5.1,145.0,chat-history-20260323.txt,
2025-12-06,Saturday,1,17:52,21:43,09:52,13:43,01:52,05:43,3.85,0.0,chat-history-20260323.txt,
2025-12-07,Sunday,1,16:24,22:34,08:24,14:34,00:24,06:34,6.17,0.0,chat-history-20260323.txt,
2025-12-08,Monday,1,17:34,22:33,09:34,14:33,01:34,06:33,4.98,0.0,chat-history-20260323.txt,
2025-12-09,Tuesday,1,17:38,22:25,09:38,14:25,01:38,06:25,4.78,0.0,chat-history-20260323.txt,
2025-12-10,Wednesday,1,16:34,22:10,08:34,14:10,00:34,06:10,5.6,0.0,chat-history-20260323.txt,
2025-12-11,Thursday,1,16:17,23:49,08:17,15:49,00:17,07:49,5.88,99.0,chat-history-20260323.txt,
2025-12-14,Sunday,1,15:18,23:02,07:18,15:02,23:18,07:02,7.73,0.0,chat-history-20260323.txt,
2025-12-15,Monday,1,16:41,22:02,08:41,14:02,00:41,06:02,5.35,0.0,chat-history-20260323.txt,
2025-12-16,Tuesday,1,16:13,21:10,08:13,13:10,00:13,05:10,4.95,0.0,chat-history-20260323.txt,
2025-12-17,Wednesday,1,17:06,21:59,09:06,13:59,01:06,05:59,4.88,0.0,chat-history-20260323.txt,
2025-12-18,Thursday,1,17:06,21:45,09:06,13:45,01:06,05:45,4.65,0.0,chat-history-20260323.txt,
2025-12-20,Saturday,1,22:01,,14:01,,06:01,,,,chat-history-20260323.txt,
2025-12-21,Sunday,1,00:00,21:49,16:00,13:49,08:00,05:49,6.0,949.0,chat-history-20260323.txt,
2025-12-22,Monday,1,16:04,21:38,08:04,13:38,00:04,05:38,4.55,61.0,chat-history-20260323.txt,
2025-12-23,Tuesday,1,16:56,22:51,08:56,14:51,00:56,06:51,5.92,0.0,chat-history-20260323.txt,
2025-12-25,Thursday,1,18:05,22:39,10:05,14:39,02:05,06:39,4.57,0.0,chat-history-20260323.txt,
2025-12-27,Saturday,1,22:28,,14:28,,06:28,,,,chat-history-20260323.txt,
2025-12-28,Sunday,1,00:00,17:21,16:00,09:21,08:00,01:21,,,chat-history-20260323.txt,
2025-12-29,Monday,1,00:00,23:22,16:00,15:22,08:00,07:22,6.5,1012.0,chat-history-20260323.txt,
2025-12-30,Tuesday,1,18:02,23:59,10:02,15:59,02:02,07:59,5.95,0.0,chat-history-20260323.txt,
2026-01-01,Thursday,1,14:15,22:28,06:15,14:28,22:15,06:28,8.22,0.0,chat-history-20260323.txt,
2026-01-03,Saturday,1,16:47,18:24,08:47,10:24,00:47,02:24,1.62,0.0,chat-history-20260323.txt,
2026-01-04,Sunday,1,00:57,21:44,16:57,13:44,08:57,05:44,5.9,893.0,chat-history-20260323.txt,
2026-01-05,Monday,1,16:37,21:29,08:37,13:29,00:37,05:29,3.95,55.0,chat-history-20260323.txt,
2026-01-06,Tuesday,1,17:02,22:35,09:02,14:35,01:02,06:35,5.55,0.0,chat-history-20260323.txt,
2026-01-07,Wednesday,1,16:15,22:37,08:15,14:37,00:15,06:37,6.37,0.0,chat-history-20260323.txt,
2026-01-08,Thursday,1,16:02,20:51,08:02,12:51,00:02,04:51,4.82,0.0,chat-history-20260323.txt,
2026-01-09,Friday,1,20:09,,12:09,,04:09,,,,chat-history-20260323.txt,
2026-01-10,Saturday,1,22:07,23:56,14:07,15:56,06:07,07:56,1.82,0.0,chat-history-20260323.txt,
2026-01-11,Sunday,1,00:15,23:15,16:15,15:15,08:15,07:15,7.1,954.0,chat-history-20260323.txt,
2026-01-12,Monday,1,16:39,22:47,08:39,14:47,00:39,06:47,6.13,0.0,chat-history-20260323.txt,
2026-01-13,Tuesday,1,16:03,23:44,08:03,15:44,00:03,07:44,7.67,1.0,chat-history-20260323.txt,
2026-01-14,Wednesday,1,17:01,22:53,09:01,14:53,01:01,06:53,5.87,0.0,chat-history-20260323.txt,
2026-01-15,Thursday,1,16:30,23:23,08:30,15:23,00:30,07:23,6.88,0.0,chat-history-20260323.txt,
2026-01-18,Sunday,1,17:08,,09:08,,01:08,,,,chat-history-20260323.txt,
2026-01-19,Monday,1,16:01,22:23,08:01,14:23,00:01,06:23,6.37,0.0,chat-history-20260323.txt,
2026-01-20,Tuesday,1,17:39,23:14,09:39,15:14,01:39,07:14,5.58,0.0,chat-history-20260323.txt,
2026-01-21,Wednesday,1,16:23,23:49,08:23,15:49,00:23,07:49,7.43,0.0,chat-history-20260323.txt,
2026-01-22,Thursday,1,17:08,23:26,09:08,15:26,01:08,07:26,6.3,0.0,chat-history-20260323.txt,
2026-01-25,Sunday,1,16:06,23:15,08:06,15:15,00:06,07:15,7.15,0.0,chat-history-20260323.txt,
2026-01-26,Monday,1,17:05,23:55,09:05,15:55,01:05,07:55,6.83,0.0,chat-history-20260323.txt,
2026-01-27,Tuesday,1,17:08,22:38,09:08,14:38,01:08,06:38,5.5,0.0,chat-history-20260323.txt,
2026-01-28,Wednesday,1,17:33,23:39,09:33,15:39,01:33,07:39,6.1,0.0,chat-history-20260323.txt,
2026-01-29,Thursday,1,17:20,,09:20,,01:20,,,,chat-history-20260323.txt,
2026-01-30,Friday,1,,,,,,,,,chat-history-20260323.txt,
2026-01-31,Saturday,1,21:07,,13:07,,05:07,,,,chat-history-20260323.txt,
2026-02-01,Sunday,1,17:06,23:19,09:06,15:19,01:06,07:19,6.22,0.0,chat-history-20260323.txt,
2026-02-02,Monday,1,16:09,17:03,08:09,09:03,00:09,01:03,0.9,0.0,chat-history-20260323.txt,
2026-02-03,Tuesday,1,16:10,23:06,08:10,15:06,00:10,07:06,,,chat-history-20260323.txt,
2026-02-04,Wednesday,1,17:45,22:35,09:45,14:35,01:45,06:35,4.83,0.0,chat-history-20260323.txt,
2026-02-05,Thursday,1,17:25,22:56,09:25,14:56,01:25,06:56,5.52,0.0,chat-history-20260323.txt,
2026-02-06,Friday,1,08:33,,00:33,,16:33,,,,chat-history-20260323.txt,
2026-02-07,Saturday,1,22:06,,14:06,,06:06,,,,chat-history-20260323.txt,
2026-02-08,Sunday,1,18:37,22:11,10:37,14:11,02:37,06:11,3.57,0.0,chat-history-20260323.txt,
2026-02-09,Monday,1,17:59,22:42,09:59,14:42,01:59,06:42,4.72,0.0,chat-history-20260323.txt,
2026-02-10,Tuesday,1,17:25,23:03,09:25,15:03,01:25,07:03,5.63,0.0,chat-history-20260323.txt,
2026-02-11,Wednesday,1,16:58,22:17,08:58,14:17,00:58,06:17,5.32,0.0,chat-history-20260323.txt,
2026-02-12,Thursday,1,17:24,21:31,09:24,13:31,01:24,05:31,4.12,0.0,chat-history-20260323.txt,
2026-02-16,Monday,1,23:00,,15:00,,07:00,,,,chat-history-20260323.txt,
2026-02-17,Tuesday,1,,,,,,,,,chat-history-20260323.txt,
2026-02-18,Wednesday,1,21:44,,13:44,,05:44,,,,chat-history-20260323.txt,
2026-02-19,Thursday,1,,,,,,,,,chat-history-20260323.txt,
2026-02-20,Friday,1,23:10,,15:10,,07:10,,,,chat-history-20260323.txt,
2026-02-21,Saturday,1,00:50,00:50,16:50,16:50,08:50,08:50,,,chat-history-20260323.txt,
2026-02-22,Sunday,1,16:11,23:01,08:11,15:01,00:11,07:01,6.83,0.0,chat-history-20260323.txt,
2026-02-23,Monday,1,16:10,22:35,08:10,14:35,00:10,06:35,6.42,0.0,chat-history-20260323.txt,
2026-02-24,Tuesday,1,16:51,23:17,08:51,15:17,00:51,07:17,6.43,0.0,chat-history-20260323.txt,
2026-02-25,Wednesday,1,16:32,22:48,08:32,14:48,00:32,06:48,6.27,0.0,chat-history-20260323.txt,
2026-02-27,Friday,1,22:25,,14:25,,06:25,,,,chat-history-20260323.txt,
2026-02-28,Saturday,1,00:03,00:10,16:03,16:10,08:03,08:10,0.12,0.0,chat-history-20260323.txt,
2026-03-01,Sunday,1,00:07,23:42,16:07,15:42,08:07,07:42,7.1,989.0,chat-history-20260323.txt,
2026-03-02,Monday,1,16:47,23:48,08:47,15:48,00:47,07:48,7.02,0.0,chat-history-20260323.txt,
2026-03-03,Tuesday,1,16:30,22:57,08:30,14:57,00:30,06:57,6.45,0.0,chat-history-20260323.txt,
2026-03-04,Wednesday,1,16:32,22:49,08:32,14:49,00:32,06:49,6.28,0.0,chat-history-20260323.txt,
2026-03-05,Thursday,1,17:00,22:21,09:00,14:21,01:00,06:21,5.35,0.0,chat-history-20260323.txt,
2026-03-07,Saturday,1,21:36,23:06,13:36,15:06,05:36,07:06,1.5,0.0,chat-history-20260323.txt,
2026-03-09,Monday,1,17:28,22:53,08:28,13:53,00:28,05:53,5.42,0.0,chat-history-20260323.txt,
2026-03-10,Tuesday,1,17:11,22:36,08:11,13:36,00:11,05:36,5.42,0.0,chat-history-20260323.txt,
2026-03-11,Wednesday,1,17:27,22:51,08:27,13:51,00:27,05:51,5.4,0.0,chat-history-20260323.txt,
2026-03-12,Thursday,1,16:42,22:58,07:42,13:58,23:42,05:58,6.27,0.0,chat-history-20260323.txt,
2026-03-15,Sunday,1,17:13,,08:13,,00:13,,,,chat-history-20260323.txt,
2026-03-16,Monday,1,16:55,23:33,07:55,14:33,23:55,06:33,6.63,0.0,chat-history-20260323.txt,
2026-03-17,Tuesday,1,16:46,23:28,07:46,14:28,23:46,06:28,5.73,58.0,chat-history-20260323.txt,
2026-03-18,Wednesday,1,17:06,22:55,08:06,13:55,00:06,05:55,5.82,0.0,chat-history-20260323.txt,
2026-03-19,Thursday,1,17:34,23:26,08:34,14:26,00:34,06:26,5.87,0.0,chat-history-20260323.txt,
2026-03-21,Saturday,1,22:37,22:47,13:37,13:47,05:37,05:47,0.17,0.0,chat-history-20260323.txt,
2026-03-22,Sunday,1,16:44,23:32,07:44,14:32,23:44,06:32,6.8,0.0,chat-history-20260323.txt,
2026-03-23,Monday,1,16:59,18:06,07:59,09:06,23:59,01:06,1.12,0.0,chat-history-20260323.txt,
